{
  "mAP": 0.45421651005744934,
  "Precision": 0.45421651005744934,
  "recall": 0.20564652979373932
}